INSERT IGNORE INTO book (id, title, author, price, publish_date, description) VALUES 
(1, '三体', '刘慈欣', 39.00, '2008-01-01', '中国科幻基石，讲述地球文明与三体文明的宇宙史诗，适合科幻爱好者深度阅读，充满硬核科技与宏大叙事'),
(2, '活着', '余华', 25.00, '1998-05-01', '讲述了人如何去承受巨大的苦难，一部充满力量的文学作品，以独特视角展现生命的韧性'),
(3, '百年孤独', '加西亚·马尔克斯', 45.00, '2011-06-01', '拉丁美洲魔幻现实主义文学的代表作，布恩迪亚家族七代人的传奇故事'),
(4, '哈利·波特与魔法石', 'J.K.罗琳', 42.00, '2000-09-01', '经典青少年奇幻小说，讲述哈利波特的魔法学校冒险故事，轻松有趣，适合中学生阅读'),
(5, '平凡的世界', '路遥', 58.00, '1986-12-01', '全景式表现中国当代城乡社会生活的长篇小说，一部适合所有读者的励志文学经典'),
(6, '围城', '钱钟书', 36.00, '1947-01-01', '现代文学经典，幽默讽刺的笔调描绘知识分子群像，语言精妙，风格独特'),
(7, '小王子', '圣埃克苏佩里', 22.00, '1943-04-01', '温馨治愈的童话寓言，适合儿童和成人阅读，关于爱与责任的永恒命题'),
(8, '人类简史', '尤瓦尔·赫拉利', 68.00, '2014-11-01', '从认知革命到人工智能，通俗讲述人类进化史，适合历史和科普爱好者'),
(9, '明朝那些事儿', '当年明月', 198.00, '2009-04-01', '用轻松幽默的笔法讲述明朝三百年历史，让历史变得有趣好读，适合历史入门'),
(10, '算法导论', 'Thomas H.Cormen', 128.00, '2013-01-01', '计算机科学经典教材，全面深入讲解算法设计与分析，适合程序员和计算机专业学生'),
(11, '你当像鸟飞往你的山', '塔拉·韦斯特弗', 48.00, '2019-10-01', '一个真实的成长故事，关于教育、自我救赎和原生家庭，治愈且充满力量'),
(12, '嫌疑人X的献身', '东野圭吾', 35.00, '2008-09-01', '悬疑推理经典，天才数学家与物理学家的巅峰对决，逻辑缜密，结局震撼'),
(13, '理想国', '柏拉图', 32.00, '2010-10-01', '西方哲学奠基之作，探讨正义与理想国家的本质，适合哲学爱好者深度阅读'),
(14, '经济学原理', '曼昆', 88.00, '2015-06-01', '经济学入门经典教材，通俗易懂，适合大学生和经济爱好者系统学习'),
(15, '设计模式：可复用面向对象软件的基础', 'Erich Gamma', 78.00, '1994-10-01', '软件工程经典著作，23种设计模式详解，适合程序员和软件设计师深度阅读'),
(16, 'Python编程从入门到实践', 'Eric Matthes', 89.00, '2016-07-01', 'Python编程入门最佳教材，适合零基础学习者，轻松掌握编程技能'),
(17, '红楼梦', '曹雪芹', 78.00, '1791-01-01', '中国古典文学巅峰之作，贾史王薛四大家族的兴衰史，适合文学爱好者深度品读'),
(18, '思考，快与慢', '丹尼尔·卡尼曼', 69.00, '2012-07-01', '诺贝尔经济学奖得主代表作，揭示人类思维的两种模式，适合心理学和经济学爱好者'),
(19, '银河帝国：基地', '艾萨克·阿西莫夫', 45.00, '2012-03-01', '科幻圣经，银河帝国兴衰史，宏大的宇宙观和精彩的故事，适合青少年和科幻迷'),
(20, '给青年诗人的信', '里尔克', 28.00, '2011-03-01', '里尔克写给青年诗人的十封信，关于艺术、人生和孤独，温暖治愈，适合年轻人阅读');

INSERT IGNORE INTO book_version (book_id, version_number, modifier_name, change_type, title, author, price, publish_date, description) VALUES
(1, 1, 'admin', 'CREATE', '三体', '刘慈欣', 39.00, '2008-01-01', '中国科幻基石，讲述地球文明与三体文明的宇宙史诗，适合科幻爱好者深度阅读，充满硬核科技与宏大叙事'),
(2, 1, 'admin', 'CREATE', '活着', '余华', 25.00, '1998-05-01', '讲述了人如何去承受巨大的苦难，一部充满力量的文学作品，以独特视角展现生命的韧性'),
(3, 1, 'admin', 'CREATE', '百年孤独', '加西亚·马尔克斯', 45.00, '2011-06-01', '拉丁美洲魔幻现实主义文学的代表作，布恩迪亚家族七代人的传奇故事'),
(4, 1, 'admin', 'CREATE', '哈利·波特与魔法石', 'J.K.罗琳', 42.00, '2000-09-01', '经典青少年奇幻小说，讲述哈利波特的魔法学校冒险故事，轻松有趣，适合中学生阅读'),
(5, 1, 'admin', 'CREATE', '平凡的世界', '路遥', 58.00, '1986-12-01', '全景式表现中国当代城乡社会生活的长篇小说，一部适合所有读者的励志文学经典'),
(6, 1, 'admin', 'CREATE', '围城', '钱钟书', 36.00, '1947-01-01', '现代文学经典，幽默讽刺的笔调描绘知识分子群像，语言精妙，风格独特'),
(7, 1, 'admin', 'CREATE', '小王子', '圣埃克苏佩里', 22.00, '1943-04-01', '温馨治愈的童话寓言，适合儿童和成人阅读，关于爱与责任的永恒命题'),
(8, 1, 'admin', 'CREATE', '人类简史', '尤瓦尔·赫拉利', 68.00, '2014-11-01', '从认知革命到人工智能，通俗讲述人类进化史，适合历史和科普爱好者'),
(9, 1, 'admin', 'CREATE', '明朝那些事儿', '当年明月', 198.00, '2009-04-01', '用轻松幽默的笔法讲述明朝三百年历史，让历史变得有趣好读，适合历史入门'),
(10, 1, 'admin', 'CREATE', '算法导论', 'Thomas H.Cormen', 128.00, '2013-01-01', '计算机科学经典教材，全面深入讲解算法设计与分析，适合程序员和计算机专业学生'),
(11, 1, 'admin', 'CREATE', '你当像鸟飞往你的山', '塔拉·韦斯特弗', 48.00, '2019-10-01', '一个真实的成长故事，关于教育、自我救赎和原生家庭，治愈且充满力量'),
(12, 1, 'admin', 'CREATE', '嫌疑人X的献身', '东野圭吾', 35.00, '2008-09-01', '悬疑推理经典，天才数学家与物理学家的巅峰对决，逻辑缜密，结局震撼'),
(13, 1, 'admin', 'CREATE', '理想国', '柏拉图', 32.00, '2010-10-01', '西方哲学奠基之作，探讨正义与理想国家的本质，适合哲学爱好者深度阅读'),
(14, 1, 'admin', 'CREATE', '经济学原理', '曼昆', 88.00, '2015-06-01', '经济学入门经典教材，通俗易懂，适合大学生和经济爱好者系统学习'),
(15, 1, 'admin', 'CREATE', '设计模式：可复用面向对象软件的基础', 'Erich Gamma', 78.00, '1994-10-01', '软件工程经典著作，23种设计模式详解，适合程序员和软件设计师深度阅读'),
(16, 1, 'admin', 'CREATE', 'Python编程从入门到实践', 'Eric Matthes', 89.00, '2016-07-01', 'Python编程入门最佳教材，适合零基础学习者，轻松掌握编程技能'),
(17, 1, 'admin', 'CREATE', '红楼梦', '曹雪芹', 78.00, '1791-01-01', '中国古典文学巅峰之作，贾史王薛四大家族的兴衰史，适合文学爱好者深度品读'),
(18, 1, 'admin', 'CREATE', '思考，快与慢', '丹尼尔·卡尼曼', 69.00, '2012-07-01', '诺贝尔经济学奖得主代表作，揭示人类思维的两种模式，适合心理学和经济学爱好者'),
(19, 1, 'admin', 'CREATE', '银河帝国：基地', '艾萨克·阿西莫夫', 45.00, '2012-03-01', '科幻圣经，银河帝国兴衰史，宏大的宇宙观和精彩的故事，适合青少年和科幻迷'),
(20, 1, 'admin', 'CREATE', '给青年诗人的信', '里尔克', 28.00, '2011-03-01', '里尔克写给青年诗人的十封信，关于艺术、人生和孤独，温暖治愈，适合年轻人阅读');

INSERT IGNORE INTO users (id, username, password, role) VALUES 
(1, 'admin', '123456', 'ADMIN'),
(2, 'librarian', '123456', 'LIBRARIAN');

INSERT IGNORE INTO points_account (user_id, total_points, level, version) VALUES 
(1, 0, 'COMMON', 0),
(2, 0, 'COMMON', 0);

INSERT IGNORE INTO branch (id, name, address, latitude, longitude, phone, business_hours, status) VALUES 
(1, '总馆', '北京市海淀区中关村大街1号', 39.984700, 116.304500, '010-88888888', '周一至周日 9:00-21:00', 1),
(2, '朝阳分馆', '北京市朝阳区建国路88号', 39.908700, 116.447500, '010-66666666', '周一至周日 9:00-20:00', 1),
(3, '西城分馆', '北京市西城区西单北大街120号', 39.913900, 116.373000, '010-77777777', '周一至周日 9:00-20:00', 1),
(4, '海淀分馆', '北京市海淀区颐和园路5号', 39.992900, 116.310400, '010-99999999', '周一至周日 8:30-21:30', 1),
(5, '东城分馆', '北京市东城区王府井大街138号', 39.914700, 116.410800, '010-55555555', '周一至周日 9:30-21:00', 1);

INSERT IGNORE INTO book_stock (book_id, branch_id, stock_quantity, available_quantity, in_transit_quantity, version) VALUES 
(1, 1, 20, 18, 2, 0),
(1, 2, 15, 15, 0, 0),
(1, 3, 10, 10, 0, 0),
(1, 4, 25, 23, 0, 0),
(1, 5, 8, 8, 0, 0),
(2, 1, 30, 30, 0, 0),
(2, 2, 20, 20, 0, 0),
(2, 3, 15, 15, 0, 0),
(2, 4, 25, 25, 0, 0),
(2, 5, 12, 12, 0, 0),
(3, 1, 18, 18, 0, 0),
(3, 2, 12, 12, 0, 0),
(3, 3, 8, 8, 0, 0),
(3, 4, 15, 15, 0, 0),
(3, 5, 6, 6, 0, 0),
(4, 1, 25, 25, 0, 0),
(4, 2, 18, 18, 0, 0),
(4, 3, 12, 12, 0, 0),
(4, 4, 20, 20, 0, 0),
(4, 5, 10, 10, 0, 0),
(5, 1, 22, 22, 0, 0),
(5, 2, 16, 16, 0, 0),
(5, 3, 10, 10, 0, 0),
(5, 4, 18, 18, 0, 0),
(5, 5, 8, 8, 0, 0),
(6, 1, 0, 0, 0, 0),
(6, 2, 0, 0, 0, 0),
(6, 3, 0, 0, 0, 0),
(6, 4, 15, 15, 0, 0),
(6, 5, 0, 0, 0, 0),
(7, 1, 35, 35, 0, 0),
(7, 2, 28, 28, 0, 0),
(7, 3, 22, 22, 0, 0),
(7, 4, 30, 30, 0, 0),
(7, 5, 18, 18, 0, 0),
(8, 1, 12, 12, 0, 0),
(8, 2, 8, 8, 0, 0),
(8, 3, 5, 5, 0, 0),
(8, 4, 10, 10, 0, 0),
(8, 5, 4, 4, 0, 0),
(9, 1, 0, 0, 0, 0),
(9, 2, 0, 0, 0, 0),
(9, 3, 10, 10, 0, 0),
(9, 4, 0, 0, 0, 0),
(9, 5, 0, 0, 0, 0),
(10, 1, 8, 8, 0, 0),
(10, 2, 5, 5, 0, 0),
(10, 3, 3, 3, 0, 0),
(10, 4, 6, 6, 0, 0),
(10, 5, 2, 2, 0, 0);

INSERT IGNORE INTO book_stock (book_id, branch_id, stock_quantity, available_quantity, in_transit_quantity, version) VALUES 
(11, 1, 15, 15, 0, 0),
(11, 2, 10, 10, 0, 0),
(11, 3, 6, 6, 0, 0),
(11, 4, 12, 12, 0, 0),
(11, 5, 5, 5, 0, 0),
(12, 1, 18, 18, 0, 0),
(12, 2, 12, 12, 0, 0),
(12, 3, 8, 8, 0, 0),
(12, 4, 15, 15, 0, 0),
(12, 5, 6, 6, 0, 0),
(13, 1, 10, 10, 0, 0),
(13, 2, 7, 7, 0, 0),
(13, 3, 4, 4, 0, 0),
(13, 4, 8, 8, 0, 0),
(13, 5, 3, 3, 0, 0),
(14, 1, 6, 6, 0, 0),
(14, 2, 4, 4, 0, 0),
(14, 3, 2, 2, 0, 0),
(14, 4, 5, 5, 0, 0),
(14, 5, 2, 2, 0, 0),
(15, 1, 5, 5, 0, 0),
(15, 2, 3, 3, 0, 0),
(15, 3, 2, 2, 0, 0),
(15, 4, 4, 4, 0, 0),
(15, 5, 1, 1, 0, 0),
(16, 1, 12, 12, 0, 0),
(16, 2, 8, 8, 0, 0),
(16, 3, 5, 5, 0, 0),
(16, 4, 10, 10, 0, 0),
(16, 5, 4, 4, 0, 0),
(17, 1, 0, 0, 0, 0),
(17, 2, 0, 0, 0, 0),
(17, 3, 0, 0, 0, 0),
(17, 4, 25, 25, 0, 0),
(17, 5, 0, 0, 0, 0),
(18, 1, 8, 8, 0, 0),
(18, 2, 5, 5, 0, 0),
(18, 3, 3, 3, 0, 0),
(18, 4, 6, 6, 0, 0),
(18, 5, 2, 2, 0, 0),
(19, 1, 15, 15, 0, 0),
(19, 2, 10, 10, 0, 0),
(19, 3, 6, 6, 0, 0),
(19, 4, 12, 12, 0, 0),
(19, 5, 5, 5, 0, 0),
(20, 1, 20, 20, 0, 0),
(20, 2, 15, 15, 0, 0),
(20, 3, 10, 10, 0, 0),
(20, 4, 18, 18, 0, 0),
(20, 5, 8, 8, 0, 0);
